stand_type,easting,northing,long,lat,stand_numbers
Sheffield Stand,318106.414,234502.185,-6.227255782056404,53.34779326636702,4
Sheffield Stand,315620.753,232932.916,-6.265133791780888,53.334248439303025,1
Sheffield Stand,316615.57,234148.652,-6.2497608135882246,53.344948684334575,2
Sheffield Stand,316520.2,234543.281,-6.251046948776474,53.34851376066773,1
Sheffield Stand,317119.98,233940.217,-6.242268049500275,53.342965466086866,3
Sheffield Stand,315786.687,234487.924,-6.262076180033214,53.348177511686664,2
Sheffield Stand,316463.739,234911.2,-6.251759096280343,53.35183038824942,3
Sheffield Stand,315358.411,235444.966,-6.268155451509455,53.35686606014675,3
Sheffield Stand,315618.97,235130.706,-6.264358773230771,53.35398689210302,4
Sheffield Stand,315774.891,233812.603,-6.262499929758751,53.34211513032229,2
Sheffield Stand,315163.824,234737.276,-6.271333818825526,53.350552747298174,2
Sheffield Stand,316894.837,233032.088,-6.245981508860921,53.33485949428922,2
Railing,315767.401,233319.904,-6.262792253124854,53.337691904134196,5
Sheffield Stand,316025.458,235133.756,-6.258256061753603,53.35392535318028,2
Sheffield Stand,315619.703,234795.672,-6.264470055271953,53.35097784041829,2
Sheffield Stand,315924.719,235075.225,-6.259789625227577,53.35342176469555,2
Sheffield Stand,315589.64,233161.236,-6.265517372123128,53.33630574442201,2
Sheffield Stand,315651.544,234011.802,-6.264278237033014,53.34393105893704,6
Sheffield Stand,316451.114,232813.702,-6.252719205169703,53.33299592978805,2
Sheffield Stand,315337.504,234509.634,-6.26880985843904,53.348470516771506,1
Railing,316580.261,233740.801,-6.250440720378566,53.34129362943277,4
Railing,316047.035,232877.843,-6.258758185054433,53.333660632973505,4
Sheffield Stand,316095.659,234551.083,-6.257415842551027,53.348677080423464,3
Sheffield Stand,316610.552,234958.029,-6.249538241575456,53.35221863424382,3
Sheffield Stand,315961.665,235721.484,-6.258998422749233,53.35921761145539,2
Sheffield Stand,315355.344,234985.97,-6.268368662188093,53.35274454539274,2
Sheffield Stand,316427.523,234890.525,-6.252310286193522,53.3516526755383,3
Sheffield Stand,315337.357,234987.138,-6.268638224516969,53.35275895386748,2
Sheffield Stand,315839.483,234987.223,-6.261101227759064,53.35265009002243,2
Sheffield Stand,316103.055,235155.605,-6.257083284979433,53.35410456311804,2
Sheffield Stand,315850.231,233485.98,-6.261488718266483,53.339165301197355,5
Sheffield Stand,316261.885,234363.663,-6.254989787506379,53.34695742431006,4
Sheffield Stand,317993.936,234573.204,-6.228917415517403,53.348456141465064,6
Sheffield Stand,315988.079,235484.708,-6.258688612699584,53.357085381673365,5
Sheffield Stand,315707.538,233917.86,-6.26347222983447,53.34307514795305,1
Sheffield Stand,315470.295,233684.928,-6.267117329275489,53.34103499149073,6
Sheffield Stand,315639.072,233951.41,-6.264487439309472,53.34339140978517,4
Sheffield Stand,315727.351,233918.966,-6.263174497987224,53.343080751773904,2
Sheffield Stand,315523.457,234362.337,-6.266072660211446,53.34710712497461,2
Sheffield Stand,315133.303,233702.346,-6.272167925432712,53.34126478175737,2
Sheffield Stand,314906.864,234219.119,-6.275378551721213,53.34595505302733,4
Sheffield Stand,316704.154,233240.786,-6.248765650355662,53.33677581048051,2
Sheffield Stand,316770.555,233142.817,-6.247805423456592,53.33588133780714,4
Sheffield Stand,316270.688,233766.034,-6.255076922375681,53.34158829190179,2
Sheffield Stand,316612.22,233971.872,-6.249876132727283,53.34336179661686,3
Sheffield Stand,316930.946,233981.034,-6.245089734709762,53.34337380387573,2
Sheffield Stand,315536.464,233422.266,-6.266220123995724,53.33866162537248,5
Sheffield Stand,315290.05,234694.162,-6.269454932753881,53.350138075472145,4
Sheffield Stand,315319.949,234905.516,-6.268929235368804,53.352029708893504,4
Sheffield Stand,316095.487,235165.492,-6.257193260850793,53.354195016140096,4
Sheffield Stand,315597.866,234778.739,-6.264803996405934,53.35083053566686,4
Sheffield Stand,315394.526,234527.509,-6.2679475253782915,53.34861862642293,2
Sheffield Stand,315238.991,235676.104,-6.2698640246230495,53.35896789210314,2
Stainless Steel Curved,317009.128,234609.842,-6.24368430305975,53.349003713693506,6
Stainless Steel Curved,316607.33,234666.827,-6.2496937874667005,53.3496041209422,4
Railing,315893.014,233993.252,-6.260661280111158,53.343711677936255,4
Railing,315869.052,233586.565,-6.2611695394232,53.340064524125886,4
Railing,316644.693,234025.179,-6.24936920131906,53.34383338484527,4
Railing,316250.334,234170.913,-6.25523385400387,53.345228907131066,4
Sheffield Stand,315402.235,234670.053,-6.267779903762615,53.34989711628035,3
Sheffield Stand,315326.232,234893.278,-6.268839383448678,53.351918432368834,4
Sheffield Stand,315488.388,234533.264,-6.2665366821936335,53.348649847897164,3
Sheffield Stand,315602.772,232959.23,-6.265393979488411,53.33448868624484,2
Sheffield Stand,314946.122,233954.973,-6.274885180136551,53.34357426021315,5
Sheffield Stand,315726.722,233474.681,-6.263346137295734,53.339090825033345,10
Sheffield Stand,315383.587,234680.029,-6.268056161165933,53.34999077354203,3
Sheffield Stand,315945.429,235024.657,-6.259497271243927,53.35296308687358,8
Sheffield Stand,315461.782,234719.989,-6.266867955755786,53.35033260324489,5
Sheffield Stand,316133.939,235189.694,-6.256607200730067,53.35440393606143,3
Sheffield Stand,315871.369,233594.199,-6.261131981006729,53.34013257713044,8
Sheffield Stand,315411.587,234678.658,-6.2676364036166134,53.34997235832608,6
Sheffield Stand,316582.83,233701.635,-6.250416574572426,53.34094132176434,4
Sheffield Stand,317033.547,233475.893,-6.2437365359387975,53.338814584589144,4
Sheffield Stand,315713.001,232767.425,-6.263810120746305,53.33274204410335,4
Sheffield Stand,315653.53,233456.05,-6.264451203586181,53.33893948825692,8
Sheffield Stand,315979.91,234944.387,-6.259009095543843,53.35223464322097,4
Sheffield Stand,316249.955,234529.981,-6.255107814852698,53.34845371504521,2
Sheffield Stand,316272.062,234784.303,-6.254682688023589,53.35073287942448,5
Sheffield Stand,315808.438,233447.871,-6.262129757047611,53.33883218849054,10
Sheffield Stand,315725.365,233647.975,-6.263303238476975,53.34064745212996,5
Sheffield Stand,315602.964,233017.552,-6.265369837333495,53.335012427579144,4
Sheffield Stand,315541.409,235373.744,-6.265434346730889,53.356186514467076,2
Sheffield Stand,315954.82,235749.39,-6.25909096310684,53.359469729762125,3
Sheffield Stand,315603.753,233036.565,-6.265351067824873,53.3351830089802,2
Sheffield Stand,315572.633,235085.282,-6.2650708914784,53.35358906341281,4
Sheffield Stand,316597.872,233802.573,-6.250153727780469,53.34184451497296,4
Sheffield Stand,316218.377,232933.21,-6.256167189329433,53.33412031668855,3
Sheffield Stand,315379.955,234365.718,-6.268225130969486,53.34716877618497,3
Sheffield Stand,315514.049,234400.174,-6.266200063617764,53.34744898654523,3
Sheffield Stand,314655.905,234268.779,-6.2791269379214905,53.346455441307306,4
Sheffield Stand,315407.616,234205.393,-6.2678683784189095,53.34572288887103,6
Sheffield Stand,315454.422,234051.588,-6.2672219615262685,53.34433138229994,3
Sheffield Stand,315442.813,234062.272,-6.267392288241759,53.344429864746786,2
Sheffield Stand,316080.042,234381.864,-6.257712225023957,53.347160777294214,4
Sheffield Stand,313760.594,233358.334,-6.292890634810538,53.3384718247667,5
Sheffield Stand,314782.725,234327.197,-6.277202461145828,53.346952615218214,7
Sheffield Stand,316836.853,233540.426,-6.2466641624397585,53.339437563877055,5
Sheffield Stand,315201.19,234758.683,-6.27076519332872,53.35073687246519,3
Sheffield Stand,315208.171,234743.431,-6.270665958708792,53.35059837701154,3
Sheffield Stand,316709.257,233276.846,-6.248675809668035,53.33709853398567,4
Sheffield Stand,315032.851,236021.338,-6.272833245649072,53.36211323786089,3
Sheffield Stand,315769.972,234484.486,-6.262328303223755,53.348150290238166,3
Sheffield Stand,315748.875,234466.501,-6.262651507337416,53.34799338168063,4
Sheffield Stand,315872.375,234491.795,-6.260788717126107,53.34819353266148,4
Sheffield Stand,316173.002,233473.523,-6.256650008813978,53.33898273432182,8
Sheffield Stand,316274.198,233750.427,-6.255029975796287,53.34144735759552,3
Sheffield Stand,316018.807,234595.293,-6.25855309818279,53.3490909674077,2
Sheffield Stand,316082.686,233731.752,-6.257910662183377,53.34132164880325,6
Sheffield Stand,316455.475,233800.154,-6.2522914531383185,53.3418541194156,4
Sheffield Stand,316994.256,233285.541,-6.244396341969892,53.33711375471484,6
Sheffield Stand,316937.438,233524.352,-6.24516078399341,53.33927101038816,3
Sheffield Stand,316350.291,234413.607,-6.253644651518467,53.34738654482056,2
Stainless Steel Curved,317356.514,233952.022,-6.238714134840791,53.343019123681216,5
Stainless Steel Curved,317364.508,233993.854,-6.23857868273766,53.34339303476559,4
Stainless Steel Curved,317517.864,234167.385,-6.236212983493218,53.34491746339772,4
Stainless Steel Curved,317052.491,234459.99,-6.243088842431728,53.34764834491976,4
Stainless Steel Curved,317160.739,234302.639,-6.24152241844689,53.346211275038584,4
Sheffield Stand,316432.892,233788.1,-6.25263476588359,53.341750829687925,3
Sheffield Stand,315968.012,234985.276,-6.2591727142420766,53.35260446662991,5
Railing,317232.711,233369.431,-6.2407874381530295,53.337814433024114,4
Sheffield Stand,315602.924,232997.132,-6.265377881728348,53.33482904662242,5
Sheffield Stand,316843.026,235296.554,-6.245923979809174,53.355207593535354,4
Sheffield Stand,316691.315,235085.778,-6.248278944133906,53.35334812510539,4
Sheffield Stand,315275.722,234828.143,-6.269621233757715,53.351344462638544,7
Sheffield Stand,316261.203,234592.566,-6.254916034210448,53.34901330982391,4
Sheffield Stand,316273.323,234776.579,-6.254666596086726,53.35066323472316,6
Sheffield Stand,315984.307,235112.062,-6.258881702130397,53.35373954024692,4
Sheffield Stand,315919.365,233575.754,-6.260418514096296,53.33995642345071,10
Sheffield Stand,315452.63,234681.081,-6.26701949942152,53.349985171221554,5
Sheffield Stand,315594.326,233196.481,-6.2654342127008755,53.3366212531658,2
Sheffield Stand,315548.689,233493.0,-6.266010904912738,53.339294212501365,5
Sheffield Stand,315950.504,234959.445,-6.259444964934984,53.35237631749241,4
Sheffield Stand,315951.185,234946.182,-6.259439597880413,53.352257055585504,9
Sheffield Stand,315603.448,232931.425,-6.265393973171078,53.334238825183654,5
Sheffield Stand,315783.638,233813.084,-6.262368493339673,53.34211753799815,8
Sheffield Stand,315665.497,234830.478,-6.263770002574463,53.351280425921324,6
Sheffield Stand,316128.101,233171.05,-6.257434545930289,53.33627611749484,4
Sheffield Stand,316478.602,233249.882,-6.2521465833520695,53.33690714258913,4
Sheffield Stand,315942.348,234539.141,-6.2597212035251415,53.34860342285733,4
Sheffield Stand,315005.336,232703.719,-6.274450433584018,53.332323989164934,3
Sheffield Stand,315498.21,234139.928,-6.266532632456284,53.34511520502706,3
Sheffield Stand,315064.105,233470.644,-6.2732904228419155,53.339198923300415,4
Sheffield Stand,315921.787,234070.356,-6.260201284514221,53.34439784000484,13
Sheffield Stand,315076.477,234709.847,-6.2726548090920655,53.350325401685744,5
Sheffield Stand,316402.783,232739.484,-6.253471560026501,53.33234001126544,4
Sheffield Stand,316581.544,233097.698,-6.250657948823948,53.33551776143721,4
Sheffield Stand,315832.581,234496.708,-6.261384169143603,53.3482463620561,10
Sheffield Stand,315705.252,234456.169,-6.26330999339922,53.34791012531379,5
Sheffield Stand,317204.157,233541.615,-6.241152227917022,53.33936709554147,4
Sheffield Stand,317007.641,233489.878,-6.244120095654081,53.33894590392545,6
Sheffield Stand,316029.285,234341.669,-6.258488709626661,53.34681091669445,5
Sheffield Stand,316391.857,234869.239,-6.252853440777803,53.35146935206087,2
Stainless Steel Curved,317540.3,234239.439,-6.235849558839587,53.34555958161903,4
Stainless Steel Curved,317052.173,234603.592,-6.2430405653452015,53.3489380701302,12
Stainless Steel Curved,315687.634,233791.936,-6.263816884416484,53.34194858945129,3
Sheffield Stand,316247.108,233366.911,-6.255577123159438,53.338009011502294,7
Sheffield Stand,315409.302,234610.858,-6.267695396851954,53.34936395310652,5
Sheffield Stand,315447.466,234455.876,-6.267179065179022,53.34796375974716,7
Railing,315835.383,233794.729,-6.261598696688342,53.3419413798172,4
Railing,316039.668,234600.883,-6.258237952575371,53.34913659897697,7
Railing,315804.783,234001.712,-6.26198226497701,53.34380695623939,4
Sheffield Stand,317123.625,233922.833,-6.242219774650373,53.342808538434724,4
Sheffield Stand,315403.707,234690.411,-6.267750394777752,53.35007962808847,7
Sheffield Stand,316148.363,234566.365,-6.256619225693766,53.34880276727286,11
Sheffield Stand,316229.309,234592.322,-6.255394812338225,53.349018120431076,8
Sheffield Stand,316144.193,234232.239,-6.25680428051148,53.345802954556106,20
Sheffield Stand,315886.191,233561.751,-6.260921428773065,53.339837923607874,15
Sheffield Stand,318089.587,234571.656,-6.227482431816833,53.348420916314495,18
Sheffield Stand,315807.433,234263.518,-6.261846827154441,53.34615761820301,4
Sheffield Stand,316121.077,234732.301,-6.25696793507956,53.35029899377595,4
Sheffield Stand,315949.146,234231.045,-6.259731912432445,53.34583497345339,4
Sheffield Stand,315751.832,234253.25,-6.262685025907235,53.34607755912582,4
Sheffield Stand,315807.281,232775.783,-6.262392578200207,53.33279650679392,17
Sheffield Stand,315346.302,233321.534,-6.269110192354425,53.337798404995404,5
Sheffield Stand,317083.026,233237.703,-6.2430820608970095,53.33666451946903,7
Sheffield Stand,316277.613,234608.478,-6.254663901319785,53.34915260916648,3
Sheffield Stand,315548.86,233320.387,-6.266071250237921,53.33774395797603,5
Sheffield Stand,315886.087,235897.431,-6.2600686304553,53.36081431268912,5
Sheffield Stand,315579.697,233279.852,-6.265623321962068,53.33737319042119,3
Sheffield Stand,315603.961,233086.862,-6.265329610215546,53.33563467515175,2
Sheffield Stand,316124.787,235370.489,-6.256678290250142,53.356029629863265,9
Sheffield Stand,315662.65,233624.961,-6.264252728555011,53.34045446519708,25
Sheffield Stand,315770.999,233693.485,-6.262601840219298,53.341046198723234,6
Sheffield Stand,315739.014,233726.14,-6.263069884039788,53.34134645915095,5
Sheffield Stand,315833.941,233986.018,-6.261550427899827,53.343659634099,3
Sheffield Stand,315637.422,233879.602,-6.264538399212122,53.342746871795,5
Sheffield Stand,315630.517,233803.386,-6.264669823939649,53.342063893329424,3
Sheffield Stand,315289.375,235584.016,-6.269141170204307,53.358129890185474,4
Sheffield Stand,315868.85,234926.08,-6.260682792081658,53.352094548403706,9
Sheffield Stand,313931.045,232887.606,-6.2905021030614705,53.33420758184258,6
Sheffield Stand,315606.332,233151.12,-6.265270607701229,53.33621125137108,6
Sheffield Stand,315740.665,233904.313,-6.262980049393571,53.3429462457621,3
Sheffield Stand,315740.055,233881.653,-6.262997478022234,53.34274287272825,9
Sheffield Stand,316263.399,232963.648,-6.255480542000752,53.33438379717292,11
Sheffield Stand,316126.494,232889.056,-6.257561926630699,53.333743924498016,4
Sheffield Stand,315648.998,233962.172,-6.2643345545613345,53.34348589446839,4
Sheffield Stand,315478.565,234017.851,-6.266871935683125,53.34402313050365,11
Sheffield Stand,315366.659,234387.057,-6.26841691079188,53.347363316094935,3
Sheffield Stand,315407.911,234296.329,-6.267830833603411,53.34653950992477,3
Sheffield Stand,315368.162,234093.089,-6.2685013747486185,53.34472289630585,3
Sheffield Stand,315456.42,234168.065,-6.26714954337317,53.34537701257979,6
Sheffield Stand,315080.56,234323.341,-6.2727339071340715,53.346853342714425,11
Sheffield Stand,316099.061,234495.898,-6.257385003875391,53.348180727572334,4
Sheffield Stand,314516.822,233895.639,-6.281349133326264,53.34313438655726,3
Sheffield Stand,314936.568,233729.506,-6.275110315809786,53.341551432641744,4
Sheffield Stand,314880.254,233918.668,-6.275886819565208,53.343262499794626,3
Sheffield Stand,314914.257,234453.035,-6.275182770111402,53.3480542282896,8
Sheffield Stand,315219.835,234774.644,-6.270479536995662,53.35087615929196,4
Sheffield Stand,315903.351,234940.202,-6.260159770025406,53.35221382405252,14
Sheffield Stand,315436.423,234093.586,-6.267476778545572,53.344712484946854,5
Sheffield Stand,315445.513,234090.954,-6.267341320760053,53.34468686579109,5
Sheffield Stand,315602.871,234198.01,-6.264940750801524,53.34561399533977,4
Sheffield Stand,315641.25,234185.215,-6.264369442556738,53.34549070575162,5
Sheffield Stand,315729.759,234124.785,-6.263063206095083,53.3449286574414,7
Sheffield Stand,315758.961,234202.699,-6.262596501181905,53.345622009559925,4
Sheffield Stand,315882.428,234222.287,-6.260736396173427,53.34577092309999,3
Sheffield Stand,316040.233,234365.381,-6.258315718908198,53.347021471276534,2
Sheffield Stand,313911.955,232889.735,-6.29078776119173,53.33423080739611,3
Sheffield Stand,315978.757,234270.012,-6.259273259559327,53.34617844559729,4
Sheffield Stand,315154.95,233849.174,-6.271789745416909,53.342578724178786,4
Sheffield Stand,314756.643,233871.286,-6.277758991771406,53.342863763865125,9
Sheffield Stand,315089.685,234112.463,-6.2726735439432355,53.344957484623144,4
Sheffield Stand,313620.631,234435.677,-6.294604616093049,53.348177495079646,3
Sheffield Stand,315349.455,234462.679,-6.268647583875699,53.348046216218634,6
Sheffield Stand,316589.477,233098.606,-6.250538588556886,53.335524170182026,4
Sheffield Stand,316737.287,233365.719,-6.248222511474401,53.33789050834846,4
Sheffield Stand,316747.602,233353.311,-6.248072306241399,53.33777680130156,6
Sheffield Stand,314962.874,234674.474,-6.274372751538388,53.350032398475996,4
Sheffield Stand,314734.224,234604.059,-6.27783012047926,53.349449602825075,6
Sheffield Stand,316521.965,233117.996,-6.2515444112396406,53.3357131619942,7
Sheffield Stand,314234.867,234996.798,-6.285183407820541,53.353084743008026,6
Sheffield Stand,315699.416,234468.328,-6.263393142695285,53.34802059873348,5
Sheffield Stand,315612.72,233119.977,-6.265186115223699,53.335930165642786,6
Sheffield Stand,315258.504,235633.978,-6.269586422090538,53.35858531535277,2
Sheffield Stand,315655.634,234523.334,-6.264030164959809,53.34852416437058,8
Sheffield Stand,316984.858,233275.145,-6.244541189716252,53.33702246602476,7
Sheffield Stand,316061.804,232572.865,-6.258648205651193,53.33091843383071,9
Stainless Steel Curved,317351.711,233904.027,-6.238803980981197,53.34258915701977,5
Stainless Steel Curved,317301.225,234208.039,-6.239449073254064,53.34533059627333,6
Stainless Steel Curved,317380.414,234171.302,-6.238274266530826,53.344983124371,12
Stainless Steel Curved,317533.24,234178.018,-6.235978290251846,53.34500954321775,12
Stainless Steel Curved,317535.205,234185.288,-6.2359461049008,53.34507439700891,12
Stainless Steel Curved,317387.459,234153.824,-6.2381750148592,53.34482459742962,12
Stainless Steel Curved,315647.646,233804.604,-6.2644123354646615,53.34207109212405,3
Stainless Steel Curved,317704.081,234106.733,-6.233440927576674,53.34433140918116,8
Stainless Steel Curved,317467.413,234173.004,-6.236968026443806,53.3449791192157,8
Sheffield Stand,314050.203,235327.753,-6.287836120700441,53.356096850576385,4
Sheffield Stand,315803.19,233890.945,-6.26204664211107,53.34281252197768,7
Sheffield Stand,315612.501,235021.986,-6.264495558403693,53.35301190648749,8
Sheffield Stand,313900.354,233736.23,-6.290657713821573,53.34183567404471,4
Sheffield Stand,314608.107,234416.675,-6.279790800322868,53.34779403261262,10
Sheffield Stand,315256.918,233915.567,-6.270235409716659,53.34315281239113,6
Sheffield Stand,315598.337,233182.223,-6.265379227935743,53.33649232847711,3
Sheffield Stand,314868.564,233884.686,-6.276074565686282,53.34295984563775,3
Sheffield Stand,313717.358,234209.605,-6.293233996342276,53.346126378894155,8
Sheffield Stand,316532.673,233341.264,-6.2513016908842305,53.33771593544699,5
Sheffield Stand,315652.815,233904.404,-6.264298352588834,53.342966254167145,13
Sheffield Stand,315450.914,234122.466,-6.267248786682884,53.34496869386177,4
Sheffield Stand,315662.887,234048.808,-6.264094507219209,53.34426092769424,5
Sheffield Stand,315879.927,234577.911,-6.260643877949736,53.34896527426559,5
Sheffield Stand,316414.144,233794.595,-6.25291371609856,53.341813281201816,5
Railing,315540.279,233419.773,-6.266163787753541,53.33863840389906,4
Railing,315437.593,234004.91,-6.267491519266796,53.34391584127304,4
Railing,316075.072,233732.458,-6.258024659770214,53.34132965797744,4
Sheffield Stand,315536.215,234741.942,-6.265742763831389,53.350513523455405,11
Sheffield Stand,315870.526,234575.007,-6.260786037337254,53.34894125119669,18
Sheffield Stand,316518.041,234850.136,-6.250966499800801,53.35127003745949,12
Sheffield Stand,315256.892,234779.286,-6.269921640874904,53.35090978307725,6
Sheffield Stand,315697.898,234886.887,-6.2632630750551135,53.35177994739211,4
Sheffield Stand,315710.776,233689.256,-6.263507090403863,53.34102137867678,6
Sheffield Stand,315632.078,232779.547,-6.265019796849307,53.33286857810817,8
Sheffield Stand,315801.655,234005.381,-6.262027866181443,53.34384059097377,4
Sheffield Stand,315708.34,234332.958,-6.26330863915529,53.34680291018918,4
Sheffield Stand,315120.718,233461.67,-6.272444179302019,53.339106027552035,5
Sheffield Stand,315279.141,233935.184,-6.26989477871052,53.34332415386033,14
Sheffield Stand,313796.011,234298.491,-6.292021651453963,53.346907767663176,16
Sheffield Stand,314010.91,233926.01,-6.288930392658671,53.34351629849984,3
Sheffield Stand,314550.773,233903.411,-6.280836826004401,53.343196844258024,4
Sheffield Stand,315596.696,234172.631,-6.265042680278605,53.34538741783976,8
Sheffield Stand,315608.191,234170.326,-6.264871009485658,53.345364207642334,4
Sheffield Stand,315669.796,234132.153,-6.263960403742411,53.34500792885959,8
Sheffield Stand,315698.364,234133.293,-6.263531256285706,53.345011926480126,4
Sheffield Stand,315829.696,234215.297,-6.261530334238532,53.34571968348659,8
Sheffield Stand,313593.252,234467.114,-6.295004270451176,53.34846570505184,7
Sheffield Stand,315744.217,234477.977,-6.262717224586188,53.34809746413205,4
Sheffield Stand,315620.084,234449.284,-6.264590742840365,53.34786689519512,3
Sheffield Stand,316425.953,234826.933,-6.252357222201049,53.35108191383721,9
Stainless Steel Curved,317376.228,234130.903,-6.23835204906083,53.34462123921008,4
Stainless Steel Curved,317522.314,234135.58,-6.23615799586704,53.34463084374857,12
Stainless Steel Curved,315471.177,235819.159,-6.266326203713828,53.36020204666167,25
Sheffield Stand,315434.199,234685.804,-6.267294412635442,53.350031606404826,5
Sheffield Stand,315260.724,234123.558,-6.270102652449251,53.34501992930567,5
Sheffield Stand,316095.756,234517.835,-6.257426569056693,53.34837846461388,5
Sheffield Stand,315179.115,234242.465,-6.271284179289819,53.34610557654279,3
Sheffield Stand,315724.58,233841.871,-6.263244229781977,53.34238897758228,8
Sheffield Stand,317446.749,234589.876,-6.237123627323264,53.34872751833336,34
Sheffield Stand,313521.186,234446.584,-6.296093254715738,53.348296779954225,42
Sheffield Stand,313446.134,234266.598,-6.297284135482392,53.346696407563776,166
Sheffield Stand,316119.348,234470.185,-6.257089950397454,53.34794535517793,10
Sheffield Stand,315757.124,233694.396,-6.2628097157617715,53.3410574128879,4
Sheffield Stand,315573.483,234789.378,-6.265166090647676,53.35093140600027,11
Sheffield Stand,315983.877,233950.178,-6.259313470171333,53.34330494571967,10
Sheffield Stand,316789.331,233153.532,-6.247519760615502,53.335973428042585,5
Sheffield Stand,315444.753,234129.627,-6.26733863875515,53.345034349036425,4
Sheffield Stand,315584.065,233188.385,-6.26559112479323,53.336550782882526,3
Sheffield Stand,315326.251,234583.081,-6.268952017161247,53.3491325865843,2
Sheffield Stand,315483.659,234709.557,-6.266543400157118,53.350234143701186,2
Sheffield Stand,316040.24,234723.909,-6.258184308220243,53.35024134911288,5
Sheffield Stand,316589.41,234825.5,-6.249904354383317,53.35103307576484,8
Sheffield Stand,315601.502,233103.476,-6.265360448394895,53.33578442016408,2
Sheffield Stand,315619.469,233085.009,-6.265097602015801,53.33561464918429,2
Sheffield Stand,315797.933,235005.731,-6.261718130103914,53.352825396939764,13
Sheffield Stand,316429.307,234653.463,-6.252370630767088,53.34952327688752,10
Sheffield Stand,316124.547,234396.322,-6.257038991105774,53.347280864256774,10
Sheffield Stand,316103.209,234384.569,-6.257363541206031,53.347179991476665,8
Sheffield Stand,315980.949,234172.805,-6.259275938827657,53.345304964989204,4
Sheffield Stand,315945.856,234058.105,-6.2598445593317775,53.344282546663926,12
Sheffield Stand,316272.359,234951.172,-6.254616984240244,53.35223143289655,6
Hoops,315730.637,233122.755,-6.263415849923063,53.335929367266715,4
Hoops,315565.264,233528.086,-6.265749400180372,53.33960569966473,5
Hoops,315831.507,233983.195,-6.261587986423672,53.34363481350142,4
Hoops,315658.048,234850.175,-6.263874617930076,53.35145894905492,8
Hoops,315584.249,233695.719,-6.2654033988657005,53.34110704867421,10
Hoops,315546.977,234144.59,-6.265799064298009,53.345146435733575,6
Hoops,315552.536,234154.888,-6.265711882954975,53.34523770781379,6
Hoops,315652.816,234128.53,-6.264216551543518,53.344979099667455,6
Hoops,316519.88,233345.409,-6.251492123175751,53.33775597510579,7
Hoops,315513.422,234727.572,-6.266090111381174,53.35038944159248,7
Hoops,314576.739,234353.786,-6.280284327283572,53.347236018696854,6
Hoops,316616.747,233295.175,-6.250057135291606,53.337283516838966,5
Hoops,316760.249,233420.672,-6.247857734009709,53.33837896928403,4
Hoops,316459.788,233364.891,-6.252386632953566,53.337944154239196,7
Hoops,316398.382,233383.272,-6.253301271395632,53.33812272757721,7
Hoops,315865.43,233518.805,-6.261248655442059,53.33945677346568,1
Hoops,315876.185,233543.229,-6.2610783446330665,53.33967376924212,7
Hoops,316150.724,233485.461,-6.25697992148399,53.3390948331541,8
Hoops,315881.01,233554.313,-6.261001891461808,53.33977225749802,7
Hoops,315487.286,234129.767,-6.266700276716234,53.34502633270575,5
Hoops,316626.893,233974.817,-6.249654855651054,53.343385014083815,3
Hoops,314578.069,234331.977,-6.280272252112374,53.34703986565107,6
Hoops,315474.974,234555.758,-6.266729810850994,53.348854789106035,5
Hoops,315886.62,234215.257,-6.260676054928282,53.34570687040894,5
Hoops,315915.208,234219.253,-6.2602455555973835,53.34573650107111,4
Hoops,315980.397,234459.217,-6.259179395627069,53.34787730587112,4
Hoops,315529.605,234337.349,-6.265989500423069,53.346881369709635,4
Hoops,316246.263,234863.717,-6.255040773772736,53.35145174650439,5
Hoops,315561.333,233608.947,-6.265778910191605,53.34033276024988,10
Hoops,315631.373,234804.423,-6.264291700346294,53.35105388336612,7
Hoops,315389.393,234098.328,-6.268180846581677,53.34476532162059,4
Hoops,315621.511,233037.8,-6.265084177223084,53.33519022498466,4
Hoops,315856.402,234883.26,-6.260885295264113,53.351712713007366,8
Hoops,315769.736,233921.602,-6.262537475713936,53.34309516197977,4
Hoops,315715.132,233917.955,-6.263358234158673,53.343074341982316,5
Hoops,315688.282,233923.276,-6.263759222324711,53.343127994924096,6
Hoops,315797.251,234010.087,-6.262092237487355,53.343883817839036,4
Hoops,315451.628,234133.537,-6.267234038238058,53.3450679655193,5
Hoops,314688.714,234479.324,-6.27855833438506,53.34833922639931,6
Hoops,315516.52,234390.428,-6.26616653113571,53.3473609199413,5
Hoops,316502.929,232906.195,-6.251907841892842,53.33381520172738,5
Hoops,314730.38,234589.348,-6.277893142449794,53.349318317398,5
Hoops,315771.53,234471.866,-6.262309531038047,53.34803661126443,5
Hoops,316004.875,233697.49,-6.259090837526302,53.341030995122644,6
Hoops,316148.543,233724.801,-6.256924955758214,53.34124478508962,6
Hoops,316633.662,233993.973,-6.249546225902169,53.34355555956805,3
Hoops,315921.864,234514.395,-6.2600376938241435,53.34838566782195,8
Hoops,316103.515,233504.548,-6.257681315132762,53.339276600388295,8
Hoops,315657.485,234517.05,-6.264004677792932,53.348467324356534,7
Sheffield Stand,315687.676,235182.112,-6.263308682757018,53.35443355207857,2
Sheffield Stand,316249.126,234563.925,-6.255107803078279,53.34875874186454,3
Sheffield Stand,315129.04,232840.827,-6.272544727652681,53.33352847935409,4
Sheffield Stand,316130.216,234273.975,-6.256998747400766,53.34618084370271,4
Sheffield Stand,316038.694,235123.997,-6.25806095815936,53.35383480835315,2
Sheffield Stand,315891.862,233890.163,-6.260716262510045,53.342786103099115,4
Sheffield Stand,316485.825,234702.625,-6.251504283370827,53.349952360132846,3
Sheffield Stand,315600.544,235304.237,-6.264572022129984,53.35554937212892,3
Sheffield Stand,315645.813,233850.564,-6.2644230735479605,53.34248425315072,4
Sheffield Stand,316711.319,234653.066,-6.248138097383613,53.34945762513926,4
Sheffield Stand,314711.859,234357.044,-6.278255226823669,53.34723602509968,6
Sheffield Stand,313763.589,233632.925,-6.292747154526328,53.34093728542655,40
Sheffield Stand,313276.991,233380.675,-6.300139298117922,53.33877610971682,2
Sheffield Stand,315853.041,234163.896,-6.261198772159308,53.345252952143866,5
Sheffield Stand,316252.362,234409.608,-6.255115852840495,53.34737213871811,3
Sheffield Stand,316649.754,234041.084,-6.2492873976419085,53.343975109682695,2
Sheffield Stand,316013.987,234331.401,-6.258722061080132,53.34672205322523,6
Sheffield Stand,315276.8,234720.7,-6.269644149093646,53.350379295057856,11
Sheffield Stand,315543.6,234283.9,-6.265798951287567,53.34639829773469,5
Sheffield Stand,315202.8,233733.2,-6.271113830149047,53.341526766978646,5
Sheffield Stand,316331.7,234260.3,-6.253979949064964,53.34601380780586,14
Sheffield Stand,314870.8,233885.1,-6.276040860495525,53.34296307876979,10
Sheffield Stand,315412.9,234035.0,-6.2678511307821205,53.34419145786468,7
Sheffield Stand,315867.3,232630.2,-6.2615452932300855,53.33147592210998,5
Sheffield Stand,315095.9,233224.7,-6.272902609295578,53.33698321304316,5
Sheffield Stand,315093.1,233215.3,-6.2729480344498985,53.33689940076371,5
Sheffield Stand,315396.5,234522.4,-6.267919758921917,53.3485723129293,9
Sheffield Stand,314958.3,233743.2,-6.274779233153893,53.34166970091542,10
Sheffield Stand,315325.2,234682.2,-6.268931712259623,53.35002299138253,16
Sheffield Stand,315836.321,233986.497,-6.261514536398838,53.34366341537345,3
Sheffield Stand,315688.88,233915.168,-6.263753207761301,53.34305504743914,8
Sheffield Stand,317524.528,233685.254,-6.23629174498886,53.34058609428463,5
Sheffield Stand,317474.334,233873.751,-6.236975080138328,53.34229007176555,3
Sheffield Stand,315274.418,234746.734,-6.269670428613321,53.35061362195439,8
Sheffield Stand,315210.572,234600.911,-6.270681747891564,53.349317898418285,4
Sheffield Stand,315640.759,235501.21,-6.263896427032255,53.35730957302078,3
Sheffield Stand,315259.389,235472.585,-6.269631878772293,53.357135672931044,5
Sheffield Stand,314729.153,234630.562,-6.277896634256374,53.34968872301818,4
Sheffield Stand,315026.347,233545.252,-6.273829927469903,53.33987717249853,5
Sheffield Stand,315113.636,233680.183,-6.272471099870909,53.341070012629764,6
Sheffield Stand,315680.265,234840.376,-6.2635447264967405,53.35136609196643,8
Sheffield Stand,315674.662,234834.082,-6.2636311236398,53.351310790644966,11
Sheffield Stand,315680.265,234840.376,-6.2635447264967405,53.35136609196643,10
Sheffield Stand,314366.6,233747.271,-6.283657032986446,53.341834360197886,8
Sheffield Stand,315366.278,233644.474,-6.268692935185186,53.34069434510069,6
Sheffield Stand,315867.055,233283.466,-6.261310279831621,53.33734287118998,5
Sheffield Stand,315883.421,233553.689,-6.260965941215244,53.33976612596796,8
Sheffield Stand,315523.07,233309.567,-6.266462168194126,53.337652409810325,11
Sheffield Stand,315632.076,232778.41,-6.265020241409615,53.33285836727604,3
Sheffield Stand,315662.699,232694.939,-6.264591241450318,53.33210203937174,5
Sheffield Stand,315535.25,233062.637,-6.266369385202456,53.33543210280415,4
Sheffield Stand,314775.5,234008.681,-6.27742625429177,53.34409361249905,5
Sheffield Stand,323269.966,237088.98,-6.148756503282841,53.369846569584624,10
Sheffield Stand,317772.397,236957.296,-6.231355617458193,53.36991624783337,5
Sheffield Stand,316003.097,234441.355,-6.258845245005541,53.34771191776911,5
Sheffield Stand,315530.717,234332.111,-6.265974721162174,53.3468340853052,7
Sheffield Stand,315515.022,234395.948,-6.266187001162994,53.34741082113103,4
Sheffield Stand,316417.291,234720.167,-6.25252646712984,53.35012497434663,8
Sheffield Stand,315142.798,235873.295,-6.271236400416223,53.36075977396848,4
Sheffield Stand,315575.179,235805.539,-6.264769819824278,53.36005702786756,5
Sheffield Stand,315008.0,236082.0,-6.273184308580305,53.36266343687526,4
Sheffield Stand,317218.987,234149.856,-6.240704766079209,53.3448262786791,8
Sheffield Stand,321426.8,236982.787,-6.176473074565202,53.36931912660563,8
Sheffield Stand,314991.026,233578.667,-6.274347822162815,53.34018493921396,5
Sheffield Stand,314964.281,233662.017,-6.274718923910589,53.34093930466487,5
Sheffield Stand,314754.179,233600.373,-6.277894045772437,53.34043124583931,5
Sheffield Stand,315084.891,233466.694,-6.272979953870769,53.33915893294494,10
Sheffield Stand,314758.573,233872.512,-6.277729584843273,53.34287435629622,16
Sheffield Stand,314847.147,233918.909,-6.276383565110221,53.343271844546834,5
Sheffield Stand,316742.383,234482.746,-6.2477346178867315,53.34792117054504,3
Sheffield Stand,316878.557,234472.704,-6.245694584755251,53.347800946196,6
Sheffield Stand,314657.73,232599.721,-6.27970318467486,53.33146532650877,2
Sheffield Stand,314713.692,232624.901,-6.278854492917306,53.331679353719394,2
Sheffield Stand,315131.468,235859.485,-6.271411519323319,53.360638212777545,2
Sheffield Stand,315224.041,235850.499,-6.270024996690128,53.36053736561178,3
Sheffield Stand,315187.398,235845.907,-6.270576785159434,53.3605041013496,2
Sheffield Stand,315052.381,235892.815,-6.272586737441062,53.36095474306858,5
Sheffield Stand,315038.144,235896.377,-6.272799184300193,53.36098982759588,4
Sheffield Stand,315054.399,235849.142,-6.2725723112855665,53.360562082394694,2
Sheffield Stand,315054.644,235834.509,-6.2725739504930615,53.36043061190407,2
Sheffield Stand,315068.717,235878.393,-6.272346725441991,53.36082166947741,5
Sheffield Stand,314458.574,234733.715,-6.2819205359014925,53.350673693847725,5
Sheffield Stand,314380.423,234840.865,-6.283054859576069,53.35165289069593,6
Sheffield Stand,314392.437,234819.183,-6.28288236018178,53.351455570289474,3
Sheffield Stand,314394.945,234787.218,-6.282856258152538,53.3511679525537,2
Sheffield Stand,315628.788,233719.678,-6.264726305406147,53.341312499948884,10
Sheffield Stand,315670.353,233485.381,-6.264188068242486,53.33919923286105,4
Sheffield Stand,315139.74,233575.131,-6.27211753800196,53.34012087615391,5
Sheffield Stand,315518.515,233386.003,-6.266502665226853,53.33833986619776,10
Sheffield Stand,315588.21,233293.954,-6.265490445603127,53.337497981318386,5
Sheffield Stand,316890.787,233674.835,-6.2458053060038505,53.34063276274149,5
Sheffield Stand,316778.06,234007.712,-6.247374217765742,53.343647126535366,11
Sheffield Stand,316820.505,233995.165,-6.246741879490079,53.34352508379055,10
Sheffield Stand,313650.646,234432.246,-6.294155359115155,53.3481402399713,5
Sheffield Stand,313715.21,234429.126,-6.293187455214156,53.34809835792215,6
Sheffield Stand,314464.667,234494.741,-6.281915420236713,53.348526165147284,3
Sheffield Stand,314674.515,234405.396,-6.278798198101888,53.347678359463224,6
Sheffield Stand,314664.039,234318.689,-6.278986802722337,53.34690191843836,5
Sheffield Stand,316753.452,233185.195,-6.248046434018834,53.33626569584664,10
Sheffield Stand,316506.506,233333.09,-6.251697323580678,53.33764828209221,10
Sheffield Stand,316677.843,232857.51,-6.249301456893307,53.333339477992986,10
Sheffield Stand,317078.893,233431.529,-6.2430724998644935,53.33840614067032,10
Sheffield Stand,316906.785,233107.34,-6.245774501307242,53.33553268035009,10
Sheffield Stand,317267.6,234287.385,-6.2399243328308955,53.34605062961385,10
Sheffield Stand,315411.93,233628.84,-6.268013577068174,53.34054399236459,10
Sheffield Stand,316611.605,233686.795,-6.249990240125904,53.340801712182234,10
Sheffield Stand,316802.03,233771.28,-6.2471016317940835,53.34151849525888,10
Sheffield Stand,316237.885,232748.28,-6.2559422818676,53.332455209589774,10
Sheffield Stand,315122.13,231505.16,-6.273133088010604,53.321534445743104,10
Sheffield Stand,319571.845,231710.705,-6.206315279797378,53.32239522864258,10
Sheffield Stand,318907.92,232850.363,-6.215846372132313,53.33277947602482,5
Sheffield Stand,318900.37,232844.685,-6.215961771377646,53.332730178311934,5
Sheffield Stand,316498.005,230954.255,-6.25269839723138,53.31628622671166,10
Sheffield Stand,318758.27,233817.49,-6.217729287439051,53.341498474083274,7
Sheffield Stand,318132.385,233855.73,-6.22710697641483,53.34198186362945,10
Sheffield Stand,315176.22,234193.665,-6.271345363294587,53.34566793841013,10
Sheffield Stand,315257.545,234212.77,-6.270117915150281,53.345821824563004,8
Sheffield Stand,315353.185,234509.945,-6.268574394558787,53.34846989397703,11
Sheffield Stand,315253.785,234838.585,-6.269946701961527,53.35144301678693,10
Sheffield Stand,315693.765,234931.145,-6.263308946756173,53.352178325003834,6
Sheffield Stand,315661.06,235156.09,-6.2637177099799874,53.35420566809519,10
Sheffield Stand,316316.71,234692.13,-6.254046392274582,53.3498952847258,10
Sheffield Stand,316484.875,234837.725,-6.251468868247458,53.35116587463913,8
Sheffield Stand,317789.9,234745.92,-6.231915447904455,53.35005267981932,9
Sheffield Stand,317279.005,234791.145,-6.239566710840871,53.35057224265879,9
Sheffield Stand,316101.03,235369.245,-6.257035367694263,53.35602366866705,10
Sheffield Stand,316068.54,235333.71,-6.257536105067459,53.355711660082974,9
Sheffield Stand,315848.25,235354.67,-6.260835239612786,53.355948152627064,9
Sheffield Stand,315485.8467,234751.6552,-6.266495218579018,53.3506117448986,10
Sheffield Stand,315315.2303,235681.5998,-6.268717492804724,53.35900064517925,10
Sheffield Stand,315822.4329,235369.1651,-6.261217484748029,53.356083979965334,10
Sheffield Stand,315819.0355,235356.7102,-6.2612730387705495,53.35597286789657,9
Sheffield Stand,314989.7824,234448.892,-6.27405074693728,53.348000624775594,9
Sheffield Stand,317633.7794,232237.081,-6.235189548055336,53.327556175083345,10
Sheffield Stand,314965.8108,234139.0139,-6.274522949418865,53.34522284221582,10
Sheffield Stand,315110.173,233298.1208,-6.272661792188593,53.33763949781262,10
Sheffield Stand,314667.892,233828.7098,-6.279106260033701,53.34250061255961,10
Sheffield Stand,314783.3505,233339.7114,-6.277550677775755,53.33808393962554,10
Sheffield Stand,314880.0395,233858.573,-6.275911820063085,53.342722837736424,10
Sheffield Stand,315064.1364,233900.1389,-6.273134048525438,53.34305617299251,10
Sheffield Stand,314706.7689,233674.9985,-6.278578473532719,53.3411117224014,10
Sheffield Stand,314446.7253,233712.036,-6.2824673599381615,53.34150060842771,10
Sheffield Stand,314109.5673,233954.4655,-6.287439591506425,53.343750609065296,10
Sheffield Stand,314518.6191,233955.0182,-6.281300709573375,53.34366727949208,10
Sheffield Stand,313720.7971,234189.4937,-6.293189599384,53.34594502078383,5
Sheffield Stand,314279.7584,233958.5518,-6.2848840389028355,53.34375061077984,10
Sheffield Stand,314367.6956,233688.4844,-6.283661802392517,53.34130616340043,10
Sheffield Stand,314843.3229,233922.6389,-6.276439601448069,53.34330617175008,10
Sheffield Stand,311929.3464,233553.1588,-6.32030064578836,53.340611694187146,10
Sheffield Stand,315614.266,231751.4775,-6.265661709588636,53.32363947980799,10
Sheffield Stand,321349.696,238204.2792,-6.177162254194072,53.380306300131515,10
Sheffield Stand,321537.0057,238184.3233,-6.1743567042331335,53.38008407977137,11
Sheffield Stand,320155.7242,235832.4255,-6.195995390346408,53.3592784769473,8
Sheffield Stand,315954.9596,236080.6965,-6.2589675309935,53.36244510190647,5
Sheffield Stand,316379.492,236122.0032,-6.252578653362492,53.362722885071065,5
Sheffield Stand,314698.7417,236845.1129,-6.277550883537566,53.369583989068865,8
Sheffield Stand,313242.66,239105.166,-6.298606542610891,53.39019511586342,10
Sheffield Stand,313271.5501,238901.7192,-6.298245419228256,53.388361780067676,5
Sheffield Stand,319733.2851,238936.5366,-6.201162257780178,53.38725073588917,5
Sheffield Stand,321114.1098,233512.1489,-6.182495256427338,53.338222900228274,10
Sheffield Stand,314500.5241,233707.1449,-6.281661805358905,53.34144505400845,5
Sheffield Stand,314767.3865,234001.2233,-6.277550715659056,53.34402839374187,9
Sheffield Stand,314513.6756,233314.6543,-6.281606227239757,53.337917270338465,5
Sheffield Stand,311591.7227,236894.8465,-6.324189713433407,53.37069507124797,8
Sheffield Stand,314134.7728,233135.4357,-6.287356210244043,53.33638948656713,5
Sheffield Stand,312511.1067,232904.9986,-6.311800619005139,53.33466724532094,8
Sheffield Stand,313080.2848,232637.0358,-6.303356167088057,53.332139469024256,7
Sheffield Stand,313080.2848,232637.0358,-6.303356167088057,53.332139469024256,5
Sheffield Stand,315137.4238,236605.1893,-6.271050877799955,53.36733399000727,4
Sheffield Stand,313436.4938,233072.3404,-6.297856197014382,53.33597281195621,5
Sheffield Stand,314369.1016,238473.3577,-6.28191208666746,53.3842784515851,8
Sheffield Stand,316781.0072,234313.1479,-6.247217438571764,53.34638953048628,6
Sheffield Stand,315504.5632,234133.5101,-6.266439626205259,53.34505618102315,10
Sheffield Stand,315440.9182,234162.8947,-6.267384070880281,53.34533395819815,6
Sheffield Stand,318261.6913,236248.8853,-6.224273148808698,53.3634451287937,12
Sheffield Stand,315433.819,234150.3504,-6.267495181653265,53.34522284684685,6
Sheffield Stand,317493.5633,236186.5306,-6.235828683865526,53.36305623060309,5
Sheffield Stand,313198.5896,237075.1322,-6.299995310129522,53.37197286654865,5
Sheffield Stand,315050.4539,237599.0293,-6.271995382168814,53.376278446556874,5
Sheffield Stand,315063.0263,236850.8273,-6.272078669524964,53.36955621508324,6
Sheffield Stand,313331.7886,238779.4378,-6.297384303030669,53.387250668057796,6
Sheffield Stand,315484.8686,239737.5681,-6.264689969932084,53.395389589823985,10
Sheffield Stand,315457.9377,239628.6571,-6.265134406953713,53.39441736546664,5
Sheffield Stand,315901.2408,236917.5944,-6.259467581128602,53.36997289052306,5
Sheffield Stand,313328.0586,235912.1739,-6.298467467271164,53.36150062981994,8
Sheffield Stand,319586.2566,231691.8731,-6.206106216748294,53.32222285505246,10
Sheffield Stand,311429.5464,232842.4303,-6.3280506013230235,53.33433390138872,5
Sheffield Stand,319543.8048,231907.3227,-6.20666178465209,53.324167302634805,8
Sheffield Stand,318117.9673,232304.1459,-6.22790127783263,53.328050761481784,8
Sheffield Stand,316770.5385,234010.0573,-6.247486227245646,53.3436698476182,5
Sheffield Stand,314829.1279,232171.0596,-6.2772869193381124,53.32757842144797,4
Sheffield Stand,314600.281,233987.0022,-6.280063639851603,53.343936861507885,10
Sheffield Stand,316185.3693,236636.5551,-6.25530425584362,53.367386620925764,5
Sheffield Stand,315627.623,231429.5438,-6.2655786545196905,53.32074530969325,5
Sheffield Stand,315944.8775,232552.1896,-6.260409944155466,53.33075835033967,6
Sheffield Stand,316705.1768,232822.9143,-6.248904093904488,53.333022760188456,5
Sheffield Stand,315620.0135,233013.5556,-6.265115485493789,53.33497281566394,5
Sheffield Stand,317686.3417,232638.0115,-6.234252312761262,53.33114515901386,5
Sheffield Stand,315001.6816,235198.4886,-6.27360004122409,53.35473009303777,5
Sheffield Stand,317870.4809,235152.8973,-6.230554587301437,53.35368968573316,12
Sheffield Stand,315613.8499,231546.5702,-6.2657426038981745,53.32179931743614,5
Sheffield Stand,316661.6092,236938.6337,-6.248042087118934,53.369994731675575,5
Sheffield Stand,313453.9609,233270.2463,-6.297523297189752,53.337746471072805,5
Sheffield Stand,317226.2449,233919.6846,-6.240680979522503,53.34275755945718,6
Sheffield Stand,313954.3385,232043.0092,-6.2904560420679285,53.326617239631915,4
Sheffield Stand,314744.9438,231310.5093,-6.278860980791498,53.31986808427838,5
Sheffield Stand,313583.0231,231800.9533,-6.296112867339796,53.324523041222164,4
Sheffield Stand,314963.0775,232716.97,-6.275079635989368,53.332452166678436,5
Sheffield Stand,318448.3662,233438.9563,-6.222521084791214,53.33816838395394,5
Sheffield Stand,314988.7298,232952.5592,-6.274609350584513,53.334562410406626,5
Sheffield Stand,315213.991,237528.8743,-6.269564862608506,53.3756128016255,5
Sheffield Stand,315198.3169,235386.3586,-6.270580040654939,53.356374578513304,10
Sheffield Stand,316945.5077,233725.1686,-6.24496561385514,53.341072718580385,5
Sheffield Stand,308430.112,232033.111,-6.373332085184842,53.32768748050893,10
Sheffield Stand,315683.0544,237935.3475,-6.262371735079628,53.37916088963455,5
Sheffield Stand,313951.5109,231273.7352,-6.290774702653722,53.319708980453846,5
Sheffield Stand,314344.7161,234327.0663,-6.283776245900913,53.3470462028613,5
Sheffield Stand,316245.1187,236884.1232,-6.254316171293656,53.36959685358146,5
Sheffield Stand,316591.4951,231795.1665,-6.250987399141826,53.32381776552136,5
Sheffield Stand,313723.0778,233796.8543,-6.293296260252616,53.342418235409475,7
Sheffield Stand,314308.6184,231401.5122,-6.28537253511361,53.32077965582381,5
Sheffield Stand,317141.1686,235702.6738,-6.241298397417903,53.358788960172745,5
Sheffield Stand,312009.8003,236562.8523,-6.318029011190651,53.367625061118915,8
Sheffield Stand,312009.3937,236615.1317,-6.318016613859375,53.368094672775904,5
Sheffield Stand,315861.8661,233994.834,-6.26112813582305,53.343732700828824,6
Sheffield Stand,320003.6992,235844.05,-6.198273165225593,53.35941735993845,18
Sheffield Stand,3157997.201,235037.5983,30.777691167902557,46.331201916270395,9
Sheffield Stand,315693.8681,235177.361,-6.2632174703735375,53.35438953090082,5
Sheffield Stand,315960.8431,234337.9651,-6.259517240701475,53.346792644587815,6
Sheffield Stand,314860.4221,234062.7306,-6.2761322248789275,53.34456061638371,5
Sheffield Stand,314991.887,232105.4169,-6.274869102790897,53.32695359414445,5
Sheffield Stand,315013.3738,232242.6664,-6.274497018040801,53.3281815606855,5
Sheffield Stand,316090.7283,233728.3792,-6.257791214223007,53.34128959554011,5
Sheffield Stand,317009.8046,234330.8071,-6.243777189080717,53.346497617948074,4
Sheffield Stand,316971.9155,234335.2189,-6.24434419121281,53.34654560996285,3
Sheffield Stand,317345.4818,233847.918,-6.238918230944382,53.34208663644727,10
Sheffield Stand,316071.5376,232586.9256,-6.258497032751224,53.33104257788673,5
Sheffield Stand,316047.2873,232531.6689,-6.258881063419611,53.3305516370267,6
Sheffield Stand,317501.7579,233456.4871,-6.236718216368243,53.338536649842794,2
Sheffield Stand,317495.3611,233496.8583,-6.23679923787347,53.33890063215567,2
Sheffield Stand,317490.541,233444.0706,-6.236891126336232,53.338427628520535,6
Sheffield Stand,317449.9419,234100.1384,-6.237257221999143,53.34432860751637,7
Sheffield Stand,316249.3798,233363.6921,-6.255544215335536,53.33797960453606,7
Sheffield Stand,315277.362,234741.352,-6.2696281992546306,53.35056464588112,6
Sheffield Stand,314668.8076,234725.0775,-6.278768159025391,53.350550631913734,4
Sheffield Stand,316209.0028,232918.878,-6.256313087222826,53.33399365955467,4
Sheffield Stand,316125.6881,232891.6763,-6.257573058365818,53.333767633666106,6
Sheffield Stand,316048.849,232885.4601,-6.258728181566599,53.33372864370697,6
Sheffield Stand,315668.317,230881.5122,-6.265167992167005,53.31581460867716,3
Sheffield Stand,309562.6712,233779.1919,-6.355738069302763,53.34313661166874,7
Sheffield Stand,316750.4914,234365.1876,-6.247656239011733,53.34686361647483,7
Sheffield Stand,314501.3234,236181.9204,-6.2807552702974885,53.36367067621482,7
Sheffield Stand,316274.849,235622.133,-6.254333285872605,53.35825665451324,7
Sheffield Stand,316423.7197,236111.9301,-6.251918344035388,53.36262269326118,11
Sheffield Stand,315942.77,235745.4182,-6.259273317350997,53.359436699421984,5
Sheffield Stand,316017.5673,240112.0131,-6.256548630060432,53.39863574095339,4
Sheffield Stand,316134.178,236657.0233,-6.256065392606981,53.367581679191375,4
Sheffield Stand,315620.8737,236940.1344,-6.263669383385633,53.370236659605574,8
Sheffield Stand,315308.9847,237213.0421,-6.268253344918852,53.372755665181685,4
Sheffield Stand,315488.6534,237089.2496,-6.265600415452857,53.37160471530199,4
Sheffield Stand,317016.4686,235968.2581,-6.243072251186423,53.36120168644879,7
Sheffield Stand,317163.2886,237560.8331,-6.24027846063757,53.37547166989308,3
Sheffield Stand,317159.1564,237587.8988,-6.240330493523465,53.37571565413723,2
Sheffield Stand,315093.9883,231240.8249,-6.273651049331443,53.31916657792315,7
Sheffield Stand,315003.0231,231035.0877,-6.275089922656577,53.31733860435566,5
Sheffield Stand,318407.7464,237333.9183,-6.221674382881398,53.3731567462941,5
Sheffield Stand,311988.4215,236251.5398,-6.318460178810745,53.3648336617188,6
Sheffield Stand,321330.071,236270.5093,-6.178198521837081,53.36294476828662,3
Sheffield Stand,321258.3724,236185.6093,-6.179307452195474,53.362198762704274,4
Sheffield Stand,313438.3408,232315.9835,-6.298099017544996,53.3291795428992,3
Sheffield Stand,308863.8319,233528.429,-6.366312036327089,53.3410285348952,4
Sheffield Stand,315670.5885,232491.6501,-6.264547013364173,53.330274602325645,9
Sheffield Stand,314923.3375,232319.109,-6.275820011988243,53.328887621940666,5
Sheffield Stand,314404.2957,232952.8602,-6.28337801674277,53.33469164347795,5
Sheffield Stand,314495.3796,232759.7485,-6.282081122030953,53.33293763656299,5
Sheffield Stand,316314.0749,231955.047,-6.255090062718789,53.32531458596086,5
Sheffield Stand,319240.6428,231542.8774,-6.2113460499994355,53.32096264513878,5
Sheffield Stand,313278.2922,238889.7279,-6.298148430559625,53.38825264231342,5
Sheffield Stand,318302.175,233014.1149,-6.224873144570144,53.3343856853643,10
Sheffield Stand,315644.0,232692.0,-6.264872851839288,53.332079726270265,7
Sheffield Stand,317204.0,233358.0,-6.241222463490729,53.337718127215275,7
Sheffield Stand,316362.0,233804.0,-6.253692746455567,53.34190920444476,4
Sheffield Stand,315834.0,234212.0,-6.261466946527473,53.34568913220537,5
Sheffield Stand,315758.0,233461.0,-6.262881796531299,53.33896112325637,11
Sheffield Stand,316970.0,234141.0,-6.2444446256810435,53.34480179796689,5
Sheffield Stand,316831.0,234168.0,-6.246520670640656,53.34507496207856,4
Sheffield Stand,318015.0,234373.0,-6.228675844877298,53.34665347715548,11
Sheffield Stand,316851.0,234624.0,-6.2460523701089965,53.34916578298499,5
Sheffield Stand,316855.0,234672.0,-6.2459746317313956,53.34959597725317,4
Sheffield Stand,315001.0,235225.0,-6.273600646611308,53.35496833719059,6
Sheffield Stand,315258.0,235244.0,-6.269735918793768,53.355083082267214,7
Sheffield Stand,315939.0,235095.0,-6.259568024771356,53.353596233346686,5
Sheffield Stand,315345.0,235347.0,-6.268392452335605,53.3559891629127,5
Sheffield Stand,315347.0,235381.0,-6.268350046582733,53.356294076625886,3
Sheffield Stand,316374.0,235124.0,-6.253027873714178,53.35376123497668,7
Sheffield Stand,315786.0,232776.0,-6.262711779977065,53.33280310685753,3
Sheffield Stand,315720.0,232773.0,-6.263703079916533,53.332790583862725,3
Sheffield Stand,317069.0,232855.0,-6.243433797595746,53.33323064773008,4
Sheffield Stand,315279.0,230082.0,-6.271296916600472,53.30871903218579,4
Sheffield Stand,316306.0,230067.0,-6.255902927166506,53.308360060548544,5
Sheffield Stand,318290.0,232560.0,-6.225225182811969,53.33031013600521,4
Sheffield Stand,315678.0,231360.0,-6.264848402423749,53.320109751416446,4
Sheffield Stand,311937.0,233411.0,-6.3202359902146865,53.33933332945799,4
Sheffield Stand,313832.0,232828.0,-6.292009552616872,53.333693550132764,4
Sheffield Stand,313250.0,233378.0,-6.300545267055767,53.33875785682282,4
Sheffield Stand,316497.0,232533.0,-6.252133876893791,53.330464905993125,6
Sheffield Stand,315094.0,231747.0,-6.273467304848897,53.32371250605658,5
Sheffield Stand,317837.0,232689.0,-6.231973151518486,53.33156958811961,5
Sheffield Stand,313233.0,239009.0,-6.298786122229472,53.389333521834146,5
Sheffield Stand,322233.0,239912.0,-6.163235557187811,53.39543875887447,3
Sheffield Stand,318635.0,236156.0,-6.2187032798426625,53.36252740941908,5
Sheffield Stand,320201.0,236360.0,-6.195115416613381,53.36400608259016,5
Sheffield Stand,319458.0,238391.0,-6.205503652485619,53.3824137968849,5
Sheffield Stand,317037.0,238252.0,-6.241919291637911,53.381706793715466,5
Sheffield Stand,319014.0,239897.0,-6.211605524069793,53.396038601705584,7
Sheffield Stand,312246.0,233480.0,-6.315574762189548,53.339887636246,4
Sheffield Stand,312752.0,233526.0,-6.307965387320403,53.34019329560603,4
Sheffield Stand,320917.0,236450.0,-6.184331414019184,53.36465121305663,5
Sheffield Stand,317916.0,232293.0,-6.230935168069885,53.32799564418236,4
Sheffield Stand,314743.0,235793.0,-6.277267677920461,53.3601254766943,5
Sheffield Stand,321066.0,239128.0,-6.181069411507307,53.3886666978424,8
Sheffield Stand,322130.0,238318.0,-6.1653989364798285,53.381147944512776,5
Sheffield Stand,311066.0,232308.0,-6.333692469973699,53.3296104121292,4
Sheffield Stand,317781.0,233814.0,-6.232395392000395,53.34168535635168,4
Sheffield Stand,316703.0,239430.0,-6.2465011355911875,53.39235988605032,7
Sheffield Stand,315476.0,235853.0,-6.2662414550463845,53.36050491542426,9
Sheffield Stand,316701.0,232972.0,-6.248911896386894,53.33436259043614,7
Sheffield Stand,315002.0,232967.0,-6.274405009939741,53.3346892217319,8
Sheffield Stand,316106.0,233711.0,-6.257568412110737,53.34113016820777,8
Sheffield Stand,315242.0,234801.0,-6.27013726378629,53.35110803555801,5
Sheffield Stand,315202.0,231208.0,-6.27204296060059,53.31884831602021,5
Sheffield Stand,316806.0,234332.0,-6.246835403982327,53.346553324835035,5
Sheffield Stand,315889.0,234219.0,-6.260638968005112,53.345739964888445,5
Sheffield Stand,317306.0,233902.0,-6.239490686524131,53.34258107950228,7
Sheffield Stand,315222.0,233780.0,-6.270808698579215,53.34194289661981,7
Sheffield Stand,315173.0,232633.0,-6.271960649103325,53.331652446980435,6
Sheffield Stand,314352.0,232604.0,-6.284288447617458,53.33156982849189,3
Sheffield Stand,315252.0,233695.0,-6.270389412850157,53.3411729928504,4
Sheffield Stand,315259.0,233607.0,-6.270316366842928,53.34038115039052,4
Sheffield Stand,315493.0,235385.0,-6.266156925967516,53.35629816676595,7
Sheffield Stand,315293.0,233513.0,-6.269840355633641,53.33952954614915,4
Sheffield Stand,315629.0,233299.0,-6.264876560791421,53.33753439666361,4
Sheffield Stand,316875.0,238875.0,-6.244122254028806,53.387337600659826,5
Sheffield Stand,318995.0,239861.0,-6.211904556063962,53.39571957993084,5
Sheffield Stand,314482.0,233536.0,-6.282001591608012,53.33991201356415,6
Sheffield Stand,315270.0,233567.0,-6.270165847633449,53.340019520587,3
Sheffield Stand,316590.0,235202.0,-6.249756924068482,53.35441421120788,6
Sheffield Stand,313298.0,232374.0,-6.300183705908212,53.329730618383984,6
Sheffield Stand,313115.0,232300.0,-6.302955521768874,53.329105117012105,6
Sheffield Stand,312199.0,231356.0,-6.31703135765399,53.320821668404975,5
Sheffield Stand,311995.0,231583.0,-6.320011115112429,53.32290353539277,5
Sheffield Stand,313131.0,238505.0,-6.300498864903815,53.38482894681931,8
Sheffield Stand,316436.0,239100.0,-6.25063410350152,53.38945511748486,8
Sheffield Stand,316786.0,235513.0,-6.246700172405618,53.35716402754617,8
Sheffield Stand,315229.0,233395.0,-6.2708435983899635,53.33848372597099,7
Sheffield Stand,309748.0,233690.0,-6.352987642601547,53.342297182387455,7
Sheffield Stand,312313.0,233456.0,-6.3145778631342715,53.339657887129,5
Sheffield Stand,310915.0,232633.0,-6.335844204953815,53.33256093796609,8
Sheffield Stand,312610.0,233564.0,-6.31008274986362,53.34056478574639,5
Sheffield Stand,312893.0,232185.0,-6.306326923614395,53.32811963623306,5
Sheffield Stand,311340.0,231700.0,-6.329795155408136,53.32409234025974,9
Sheffield Stand,311868.0,231899.0,-6.321804719259391,53.32576840500577,6
Sheffield Stand,317894.0,236387.0,-6.229742078243122,53.364767528927594,5
Sheffield Stand,319971.0,235910.0,-6.198739055435368,53.36001703816966,6
Sheffield Stand,316523.0,234236.0,-6.251117920129724,53.34575351565171,5
Sheffield Stand,316230.0,232077.0,-6.256306546183233,53.326428274331036,6
Sheffield Stand,317549.0,233264.0,-6.236080718561142,53.336797491418636,5
Sheffield Stand,318646.0,237471.0,-6.218045137572867,53.37433444329319,5
Sheffield Stand,317912.0,232263.0,-6.231006323152259,53.32772711231801,5
Sheffield Stand,315406.0,233305.0,-6.268220448016447,53.337636912205134,10
Sheffield Stand,314343.0,235894.0,-6.283236344167053,53.36111911475254,4
Sheffield Stand,316452.0,234124.0,-6.252224612835026,53.34476328304439,10
Sheffield Stand,315162.0,232965.0,-6.272005121367148,53.334636503467486,5
Sheffield Stand,316929.0,233846.0,-6.245168753224137,53.342161523270065,5
Sheffield Stand,315623.0,232607.0,-6.265218898803382,53.33132093385589,5
Sheffield Stand,316556.0,233511.0,-6.25088927372265,53.339235170213406,9
Sheffield Stand,316655.0,234059.0,-6.249202076922009,53.34413485408386,3
Sheffield Stand,313324.0,230687.0,-6.3003960683455285,53.314573996088605,6
Sheffield Stand,317559.0,232854.0,-6.236082673066509,53.33311316690639,8
Sheffield Stand,312316.0,231197.0,-6.3153327041823974,53.319368887416324,4
Sheffield Stand,316084.0,233011.0,-6.2581548422111695,53.33484839819185,3
Sheffield Stand,315498.0,233384.0,-6.266811224121908,53.338326351007055,9
Sheffield Stand,315609.0,232122.0,-6.26560569334608,53.32696825466572,7
Sheffield Stand,316675.0,234038.0,-6.248909668375047,53.34394185160278,4
Sheffield Stand,315214.0,233734.0,-6.2709454695777955,53.3415315154735,5
Sheffield Stand,315379.0,235430.0,-6.267851830292452,53.356727165283814,7
Sheffield Stand,315053.0,233137.0,-6.273578131727439,53.33620490542689,4
Sheffield Stand,315082.0,233231.0,-6.27310888733377,53.337042812734,4
Sheffield Stand,314966.0,235881.0,-6.273887872220562,53.36086740423012,6
Sheffield Stand,316649.0,234078.0,-6.249285125635806,53.344306810784694,3
Sheffield Stand,317187.0,234053.0,-6.241220613404422,53.343963517734586,5
Sheffield Stand,316438.0,234252.0,-6.252387684355389,53.34591590480698,4
Sheffield Stand,315191.0,234743.0,-6.270923842106771,53.35059824223074,5
Sheffield Stand,316986.0,233963.0,-6.244270213992566,53.343199686551905,4
Sheffield Stand,321656.0,236749.0,-6.173121459537598,53.367166980285646,5
Sheffield Stand,314548.0,233372.0,-6.281070469091077,53.33842486812081,6
Sheffield Stand,314612.0,233400.0,-6.280100012996965,53.33866249091214,4
Sheffield Stand,314618.0,233382.0,-6.280016488741162,53.33849953555845,5
Sheffield Stand,316822.0,230505.0,-6.248004680446549,53.312180244106735,4
Sheffield Stand,313802.0,235045.0,-6.2916636161334685,53.353610868273904,5
Sheffield Stand,313700.0,235146.0,-6.293158446615208,53.354539864027906,4
Sheffield Stand,314444.0,234567.0,-6.282199506522638,53.349179586393234,4
Sheffield Stand,316091.0,235696.0,-6.2570661451301754,53.35896039364928,5
Sheffield Stand,314174.0,233211.0,-6.2867404137600795,53.33705967525544,4
Sheffield Stand,321274.0,238010.0,-6.1783736386070975,53.37857895837086,5
Sheffield Stand,315111.0,233376.0,-6.272621107429774,53.338338744611775,4
Sheffield Stand,315789.0,233385.0,-6.262444390356217,53.33827180186224,4
Sheffield Stand,315065.0,236249.0,-6.272267828603317,53.36415085342998,3
Sheffield Stand,323240.0,237106.0,-6.149199819761644,53.37000639425705,27
Sheffield Stand,313634.0,234433.0,-6.294404924152834,53.34815058412579,5
Sheffield Stand,314504.0,233955.0,-6.281520105945468,53.34367027699371,10
Temporary Racks,315842.0,234575.0,-6.261214179696953,53.348947429882806,13
Temporary Racks,315638.0,234524.0,-6.264294584166812,53.348533996948134,15
Temporary Racks,316896.0,235414.0,-6.245085447575838,53.356250652709974,10
Sheffield Stand,313636.0,234431.0,-6.294375623943918,53.348132192919024,3
Sheffield Stand,317511.0,231707.0,-6.237227688427172,53.322822883383616,8
Temporary Racks,316389.0,233800.0,-6.253289047115594,53.34186734855113,10
Sheffield Stand,313071.0,233698.0,-6.30311711388114,53.34167003471996,5
Sheffield Stand,313613.0,230724.0,-6.2960487007676145,53.314844441814536,2
Sheffield Stand,315394.0,234637.0,-6.267915542650641,53.3496020661839,6
Sheffield Stand,315494.0,232723.0,-6.267111995373138,53.33239085309552,5
Sheffield Stand,317524.0,233743.0,-6.236278258884511,53.34110481309789,5
Sheffield Stand,316885.0,230655.0,-6.247004731281662,53.31351348414082,5
Sheffield Stand,315969.0,233237.0,-6.259797623459747,53.33690325844613,3
Sheffield Stand,316066.0,232961.0,-6.258443210891073,53.33440329940074,4
Sheffield Stand,315096.0,234244.0,-6.272530999205198,53.34613743330997,8
Sheffield Stand,320138.0,238414.0,-6.195281310260631,53.38246631413491,9
Sheffield Stand,315506.0,231576.0,-6.26734956312207,53.32208713828467,5
Sheffield Stand,316176.0,233088.0,-6.256746284357314,53.33551975613906,3
Sheffield Stand,317906.0,235245.0,-6.229987154565112,53.354508921921585,3
Sheffield Stand,313598.0,236540.0,-6.2941894154856435,53.36708125196745,4
Sheffield Stand,315579.0,232925.0,-6.265763123648204,53.334186457173146,5
Sheffield Stand,317166.0,232894.0,-6.241964089215368,53.33355945535105,4
Sheffield Stand,317682.0,235489.0,-6.2332588394127715,53.35675005434455,3
Sheffield Stand,318095.0,234697.0,-6.227354472642216,53.34954538368869,5
Sheffield Stand,314639.0,238295.0,-6.277922523098917,53.38261820418988,4
Sheffield Stand,317004.0,234984.0,-6.243623082442785,53.35236506935219,3
Sheffield Stand,317092.0,233109.0,-6.242994939444279,53.335506683041665,5
Sheffield Stand,315344.0,233691.0,-6.269010307732615,53.34111704211279,3
Sheffield Stand,316939.0,235061.0,-6.244570295632839,53.353070948647755,5
Sheffield Stand,316082.0,232906.0,-6.258223285570966,53.33390584693246,4
Sheffield Stand,316270.0,234157.0,-6.254943822854975,53.34509963959229,4
Sheffield Stand,317055.0,233661.0,-6.243346283570614,53.34047224824502,5
Sheffield Stand,315961.0,232897.0,-6.260041996075904,53.333851517580946,3
Sheffield Stand,314426.0,234334.0,-6.282553811982594,53.34709091597556,3
Sheffield Stand,313681.0,236523.0,-6.29294924471232,53.36691075072053,3
Sheffield Stand,317922.0,232356.0,-6.230821742627074,53.328560094996966,2
Sheffield Stand,317920.0,232343.0,-6.230856577712745,53.328443790584956,2
Sheffield Stand,315833.0,232910.0,-6.261957691001218,53.33399627013977,4
Sheffield Stand,316950.0,236199.0,-6.243984901647076,53.36328861144135,3
Sheffield Stand,316063.0,235525.0,-6.2575491624237,53.35743081498798,3
Sheffield Stand,321301.0,236258.0,-6.178639758006168,53.36283909340493,3
Sheffield Stand,316629.0,231779.0,-6.250430773014948,53.32366432486593,5
Sheffield Stand,316994.0,238853.0,-6.242342765109488,53.3871137089982,4
Sheffield Stand,317458.0,239325.0,-6.23519716584302,53.39124971379251,4
Sheffield Stand,317268.0,231928.0,-6.240790874930387,53.32486145854013,3
Sheffield Stand,311448.0,231673.0,-6.328184577817966,53.323827147938005,4
Sheffield Stand,312401.0,239079.0,-6.311260645143264,53.39013972110255,3
Sheffield Stand,313282.0,236567.0,-6.298924624971884,53.367391482907834,3
Sheffield Stand,313254.0,236568.0,-6.299344702275437,53.36740645750406,3
Sheffield Stand,315908.0,232905.0,-6.26083425527604,53.33393496251605,4
Sheffield Stand,320233.0,237295.0,-6.194279766498756,53.37239557290777,5
Sheffield Stand,314858.0,234216.0,-6.276113024593525,53.345937642077345,10
Sheffield Stand,315296.0,232869.0,-6.270029514009706,53.333745190584374,5
Sheffield Stand,316064.0,233732.0,-6.258190974568941,53.341327971120485,5
Sheffield Stand,314134.0,235945.0,-6.286355724185173,53.36162225397871,3
Sheffield Stand,314782.0,237707.0,-6.275987971397068,53.37730643715303,5
Sheffield Stand,322047.0,237234.0,-6.167063779122537,53.371432414024085,8
Cargo bike stands,315980.0,233232.0,-6.25963440269446,53.33685594593904,3
Sheffield Stand,319228.0,237661.0,-6.209233473560172,53.37590989959304,4
Sheffield Stand,319195.0,237627.0,-6.209741872923396,53.3756119975525,4
Sheffield Stand,315522.0,235343.0,-6.265736916024597,53.3559146429966,4
Sheffield Stand,319438.0,239472.0,-6.2053956187310275,53.392126253472185,3
Sheffield Stand,321681.0,240413.0,-6.171336037328921,53.40006525838177,5
Sheffield Stand,316082.0,236512.0,-6.256902049458172,53.36629070362273,5
Sheffield Stand,316776.0,238156.0,-6.245875001081811,53.380902337923985,4
Sheffield Stand,316681.0,235550.0,-6.2482627515304365,53.35751947112422,5
Sheffield Stand,317918.0,234679.0,-6.230017714506744,53.349423178836844,5
Sheffield Stand,312757.0,233719.0,-6.3078217046216025,53.341925578843,5
Sheffield Stand,314739.0,231776.0,-6.278781831067131,53.32404992854961,3
Sheffield Stand,315401.0,235590.0,-6.267463270775897,53.358159307516054,5
Sheffield Stand,315825.0,235889.0,-6.260988809307876,53.3607519669868,5
Sheffield Stand,315345.0,233076.0,-6.269219049471947,53.33559357195637,5
Sheffield Stand,314498.0,230708.0,-6.282782140581146,53.31451035149475,4
Sheffield Stand,313983.0,231960.0,-6.290055908604098,53.325865568705346,5
Sheffield Stand,318573.0,232309.0,-6.221073467085548,53.32799273046718,5
Sheffield Stand,316243.0,234294.0,-6.255298768436539,53.34633593936979,3
Sheffield Stand,316245.0,234259.0,-6.255281591818891,53.34602117162513,3
Sheffield Stand,319037.0,238850.0,-6.211654307646496,53.3866307972937,5
Sheffield Stand,319560.0,239629.0,-6.203503354421614,53.39350861556531,4
Sheffield Stand,311984.0,232488.0,-6.3198566725563,53.331033803396814,5
Sheffield Stand,312172.0,233416.0,-6.316707852549601,53.33932852115068,4
Sheffield Stand,315496.0,235311.0,-6.266138877965032,53.35563292878938,5
Sheffield Stand,311802.0,233335.0,-6.322288583006079,53.338679274348486,3
Sheffield Stand,315646.0,230903.0,-6.2654948564278214,53.316012457557164,5
Sheffield Stand,317962.0,231709.0,-6.230462236125341,53.32274065860023,5
Sheffield Stand,313157.0,232845.0,-6.302130992569328,53.33399082943536,5
Sheffield Stand,312720.0,234078.0,-6.308249273452273,53.345157660271454,3
Sheffield Stand +Cargo Stand,314291.0,234908.0,-6.2843728676822135,53.352275137814146,3
Sheffield Stand,316203.0,236808.0,-6.254976576829675,53.368922459401446,3
Sheffield Stand,316494.0,237641.0,-6.250300301557915,53.376339442157466,3
Sheffield Stand,316934.0,238592.0,-6.243340626090806,53.38478301755834,3
Sheffield Stand,316849.0,238290.0,-6.2447290362594865,53.38208963090875,3
Sheffield Stand,321474.0,237488.0,-6.17557039933491,53.373845303737845,10
Sheffield Stand,315571.0,235307.0,-6.265014502085244,53.35558063696921,5
Sheffield Stand,315485.0,235497.0,-6.266236174980268,53.35730576805275,5
Sheffield Stand,313367.0,229888.0,-6.300036435521551,53.30738891656077,5
Sheffield Stand,314328.0,234348.0,-6.284019572812614,53.347237816774886,7
Sheffield Stand,319248.0,238247.0,-6.208712176014113,53.38116799169059,4
Sheffield Stand,311153.0,230942.0,-6.332865736994239,53.31732382744134,3
Sheffield Stand,317659.0,231548.0,-6.235066729602318,53.321362107768216,3
Sheffield Stand,316473.0,234804.0,-6.251659504730307,53.350865609750485,5
Sheffield Stand,318178.0,232038.0,-6.22709985669868,53.325647196354986,5
Sheffield Stand,316226.0,231577.0,-6.2565496924592745,53.32193872190748,5
Sheffield Stand,313878.0,235188.0,-6.290471395170374,53.354878805357124,5
Sheffield Stand,314224.0,234996.0,-6.28534681363406,53.35307992089608,3
Sheffield Stand,314561.0,231212.0,-6.281655456687844,53.31902316105578,5
Sheffield Stand,316265.0,231484.0,-6.255998792673904,53.32109494822899,5
Sheffield Stand,316070.0,232140.0,-6.258683630808324,53.32702913743434,5
Sheffield Stand,317654.0,232661.0,-6.234728985145803,53.331358795450825,4
Sheffield Stand,317694.0,232638.0,-6.234137424963535,53.3311433546555,4
Sheffield Stand,316168.0,231468.0,-6.257459547718032,53.32097252268104,5
Sheffield Stand,319916.0,236357.0,-6.199395413019501,53.364043796750735,5
Sheffield Stand,316513.0,235635.0,-6.250753440260081,53.358319842824066,5
Sheffield Stand,313503.0,229372.0,-6.298181551664461,53.302725585352434,4
Sheffield Stand,317376.0,231602.0,-6.2392914455277415,53.32190981619084,5
Sheffield Stand,316098.0,232105.0,-6.258276409528111,53.32670867355862,2
Sheffield Stand,316118.0,232097.0,-6.257979318950566,53.3266324446326,7
Sheffield Stand,310254.0,234546.0,-6.345096236830075,53.34988003046712,5
Sheffield Stand,315087.0,236825.0,-6.271728071223425,53.36931904960893,5
Sheffield Stand,319268.0,231249.0,-6.211046162568642,53.318317281003985,5
Sheffield Stand,315476.0,235243.0,-6.2664638937946515,53.35502659343417,5
Sheffield Stand,312150.0,233511.0,-6.317004372443191,53.340186386054434,5
Sheffield Stand,315943.0,232789.0,-6.260351542461241,53.332885523807875,5
Sheffield Stand,319098.0,238095.0,-6.211022371379733,53.379836746794716,4
Sheffield Stand,316501.0,233321.0,-6.251784381988292,53.33754091497972,5
Sheffield Stand,318099.0,233628.0,-6.227692796737647,53.33994413517559,5
Sheffield Stand,317006.0,233250.0,-6.244233245021168,53.33679197488859,5
Sheffield Stand,310985.0,231370.0,-6.335235783571569,53.32120299558122,5
Sheffield Stand,316682.0,232819.0,-6.249253257271959,53.33299271143908,5
Sheffield Stand,315386.0,234854.0,-6.267956580794903,53.35155265934454,5
Sheffield Stand,311716.0,233232.0,-6.3236153620174385,53.337772360412494,5
Sheffield Stand,316086.0,232399.0,-6.258348837605338,53.32935167610419,5
Sheffield Stand,315664.0,236448.0,-6.263201648800833,53.36580746080345,5
Sheffield Stand,316502.0,232916.0,-6.2519181779816835,53.33390346298683,5
Sheffield Stand,316124.0,232776.0,-6.257640741973836,53.33272913203353,5
Sheffield Stand,312895.0,232630.0,-6.306138537999557,53.33211579284396,5
Sheffield Stand,317835.0,232635.0,-6.232023218191087,53.33108507344434,5
Sheffield Stand,317611.0,232242.0,-6.235529439262112,53.32760540765513,7
Sheffield Stand,313775.0,234916.0,-6.292115237741868,53.35245812451506,5
Sheffield Stand,313796.0,234997.0,-6.291770924191272,53.35318107085185,5
Sheffield Stand,315109.0,233522.0,-6.27259810696699,53.33965039265631,5
Sheffield Stand,320016.0,236363.0,-6.197891782917344,53.36407501110189,5
Sheffield Stand,316337.0,237189.0,-6.252824394368411,53.37231468809902,3
Sheffield Stand,316520.0,234228.0,-6.251165884286747,53.34568232933892,5
Sheffield Stand,315554.0,233673.0,-6.265865598521298,53.34090961236198,5
Sheffield Stand,312260.0,233529.0,-6.3153473260685296,53.3403247437407,5
Sheffield Stand,314833.0,236271.0,-6.275743145019449,53.36439882541329,5
Sheffield Stand,313951.0,234916.0,-6.289473439075175,53.35242027306475,3
Sheffield Stand,316133.0,237415.0,-6.255804889192975,53.37438916436563,5
Sheffield Stand,315779.0,233130.0,-6.2626875563025495,53.33598386599733,3
Sheffield Stand,313843.0,231002.0,-6.292499688826821,53.31729183253303,5
Sheffield Stand,315856.0,236363.0,-6.260349941730739,53.36500209074766,3
Sheffield Stand,314575.0,234492.0,-6.280260449351091,53.348477686140235,4
Sheffield Stand,316302.0,233262.0,-6.254791959130133,53.33705477444269,4
Sheffield Stand,315695.0,238310.0,-6.2620552529215505,53.38252295625358,10
Sheffield Stand,314313.0,234658.0,-6.284132854857711,53.35002515078593,4
Sheffield Stand,309975.0,233713.0,-6.34957304747032,53.34245666473957,5
Sheffield Stand,313622.0,233003.0,-6.29509762018998,53.335310308902265,5
